truncate ltr_device;
truncate device;
truncate camera CASCADE;
truncate nvr CASCADE;

INSERT INTO public.nvr (id, ip, port, login, password) VALUES (1, '192.168.1.108', 37777, 'admin', '1qaz2wsx');
INSERT INTO public.nvr (id, ip, port, login, password) VALUES (2, '192.168.1.109', 37777, 'admin', '1qaz2wsx');
INSERT INTO public.nvr (id, ip, port, login, password) VALUES (3, '192.168.1.110', 37777, 'admin', '1qaz2wsx');

INSERT INTO public.camera (id, name, rate, ratio, dvr, channel, stand, location, enable, description, version, rtsp, stand_id, ptz) VALUES (1, '(БКС) МВН', 25, 0.75, 1, 1, 'БКС', 'подвал', true, 'МВН', 0, 'rtsp://admin:1qaz2wsx@192.168.1.108:554/cam/realmonitor?channel=1&subtype=', 'bks', true);
INSERT INTO public.camera (id, name, rate, ratio, dvr, channel, stand, location, enable, description, version, rtsp, stand_id, ptz) VALUES (4, '(БКС) ОН 1', 25, 0.56, 1, 4, 'БКС', 'подвал', true, 'ОН 1', 0, 'rtsp://admin:1qaz2wsx@192.168.1.108:554/cam/realmonitor?channel=4&subtype=', 'bks', true);
INSERT INTO public.camera (id, name, rate, ratio, dvr, channel, stand, location, enable, description, version, rtsp, stand_id, ptz) VALUES (6, '(БКС) ОН 2', 25, 0.56, 1, 6, 'БКС', 'подвал', true, 'ОН 2', 0, 'rtsp://admin:1qaz2wsx@192.168.1.108:554/cam/realmonitor?channel=6&subtype=', 'bks', true);
INSERT INTO public.camera (id, name, rate, ratio, dvr, channel, stand, location, enable, description, version, rtsp, stand_id, ptz) VALUES (3, '(БКС) ГСТ', 25, 0.56, 1, 3, 'БКС', 'подвал', true, 'ГСТ', 0, 'rtsp://admin:1qaz2wsx@192.168.1.108:554/cam/realmonitor?channel=3&subtype=', 'bks', true);
INSERT INTO public.camera (id, name, rate, ratio, dvr, channel, stand, location, enable, description, version, rtsp, stand_id, ptz) VALUES (2, '(БКС) ВВН', 25, 0.75, 1, 2, 'БКС', 'подвал', true, 'ВВН', 0, 'rtsp://admin:1qaz2wsx@192.168.1.108:554/cam/realmonitor?channel=2&subtype=', 'bks', true);
INSERT INTO public.camera (id, name, rate, ratio, dvr, channel, stand, location, enable, description, version, rtsp, stand_id, ptz) VALUES (7, '(КЭС) ОН 3', 25, 0.56, 1, 7, 'КЭС', 'подвал', true, 'ОН 3', 0, 'rtsp://admin:1qaz2wsx@192.168.1.108:554/cam/realmonitor?channel=7&subtype=', 'kes', false);
INSERT INTO public.camera (id, name, rate, ratio, dvr, channel, stand, location, enable, description, version, rtsp, stand_id, ptz) VALUES (8, '(КЭС) ОН 2', 25, 0.56, 1, 8, 'КЭС', 'подвал', true, 'ОН 2', 0, 'rtsp://admin:1qaz2wsx@192.168.1.108:554/cam/realmonitor?channel=8&subtype=', 'kes', false);
INSERT INTO public.camera (id, name, rate, ratio, dvr, channel, stand, location, enable, description, version, rtsp, stand_id, ptz) VALUES (16, '(ОРУ) общий вид', 25, 0.56, 2, 5, 'ОРУ', '1 этаж', true, 'общий вид', 0, 'rtsp://admin:1qaz2wsx@192.168.1.109:554/cam/realmonitor?channel=5&subtype=', 'ory', true);
INSERT INTO public.camera (id, name, rate, ratio, dvr, channel, stand, location, enable, description, version, rtsp, stand_id, ptz) VALUES (12, '(МКС) ОН', 25, 0.75, 2, 1, 'МКС', 'подвал', true, 'ОН', 0, 'rtsp://admin:1qaz2wsx@192.168.1.109:554/cam/realmonitor?channel=1&subtype=', 'mks', true);
INSERT INTO public.camera (id, name, rate, ratio, dvr, channel, stand, location, enable, description, version, rtsp, stand_id, ptz) VALUES (13, '(МКС) ВВН 2', 25, 0.75, 2, 2, 'МКС', 'подвал', true, 'ВВН 2', 0, 'rtsp://admin:1qaz2wsx@192.168.1.109:554/cam/realmonitor?channel=2&subtype=', 'mks', true);
INSERT INTO public.camera (id, name, rate, ratio, dvr, channel, stand, location, enable, description, version, rtsp, stand_id, ptz) VALUES (9, '(КЭС) ОН 1', 25, 0.56, 1, 9, 'КЭС', 'подвал', true, 'ОН 1', 0, 'rtsp://admin:1qaz2wsx@192.168.1.108:554/cam/realmonitor?channel=9&subtype=', 'kes', false);
INSERT INTO public.camera (id, name, rate, ratio, dvr, channel, stand, location, enable, description, version, rtsp, stand_id, ptz) VALUES (10, '(КЭС) ГСТ', 25, 0.56, 1, 10, 'КЭС', 'подвал', true, 'ГСТ', 0, 'rtsp://admin:1qaz2wsx@192.168.1.108:554/cam/realmonitor?channel=10&subtype=', 'kes', false);
INSERT INTO public.camera (id, name, rate, ratio, dvr, channel, stand, location, enable, description, version, rtsp, stand_id, ptz) VALUES (11, '(КЭС) МВН', 25, 0.56, 1, 11, 'КЭС', 'подвал', true, 'МВН', 0, 'rtsp://admin:1qaz2wsx@192.168.1.108:554/cam/realmonitor?channel=11&subtype=', 'kes', false);
INSERT INTO public.camera (id, name, rate, ratio, dvr, channel, stand, location, enable, description, version, rtsp, stand_id, ptz) VALUES (18, '(ОРУ) насос откачки 1', 25, 0.56, 2, 7, 'ОРУ', '1 этаж', true, 'насос откачки 1', 0, 'rtsp://admin:1qaz2wsx@192.168.1.109:554/cam/realmonitor?channel=7&subtype=', 'ory', false);
INSERT INTO public.camera (id, name, rate, ratio, dvr, channel, stand, location, enable, description, version, rtsp, stand_id, ptz) VALUES (19, '(ОРУ) насос откачки 2', 25, 0.56, 2, 8, 'ОРУ', '1 этаж', true, 'насос откачки 2', 0, 'rtsp://admin:1qaz2wsx@192.168.1.109:554/cam/realmonitor?channel=8&subtype=', 'ory', false);
INSERT INTO public.camera (id, name, rate, ratio, dvr, channel, stand, location, enable, description, version, rtsp, stand_id, ptz) VALUES (5, '(КЭС) ВВН', 25, 0.56, 1, 5, 'КЭС', 'подвал', true, 'ВВН', 0, 'rtsp://admin:1qaz2wsx@192.168.1.108:554/cam/realmonitor?channel=5&subtype=', 'kes', true);
INSERT INTO public.camera (id, name, rate, ratio, dvr, channel, stand, location, enable, description, version, rtsp, stand_id, ptz) VALUES (14, '(МКС) ВВН 1', 25, 0.56, 2, 3, 'МКС', 'подвал', true, 'ВВН 1', 0, 'rtsp://admin:1qaz2wsx@192.168.1.109:554/cam/realmonitor?channel=3&subtype=', 'mks', true);
INSERT INTO public.camera (id, name, rate, ratio, dvr, channel, stand, location, enable, description, version, rtsp, stand_id, ptz) VALUES (15, '(МКС) ГСТ', 25, 0.56, 2, 4, 'МКС', 'подвал', true, 'ГСТ', 0, 'rtsp://admin:1qaz2wsx@192.168.1.109:554/cam/realmonitor?channel=4&subtype=', 'mks', true);
INSERT INTO public.camera (id, name, rate, ratio, dvr, channel, stand, location, enable, description, version, rtsp, stand_id, ptz) VALUES (17, '(ОРУ) дивертер', 25, 0.56, 2, 6, 'ОРУ', '1 этаж', true, 'дивертер', 0, 'rtsp://admin:1qaz2wsx@192.168.1.109:554/cam/realmonitor?channel=6&subtype=', 'ory', true);
INSERT INTO public.camera (id, name, rate, ratio, dvr, channel, stand, location, enable, description, version, rtsp, stand_id, ptz) VALUES (33, '(КЭС) вид на генератор', 25, 0.56, 3, 11, 'КЭС', '5 этаж', true, 'вид на генератор', 0, 'rtsp://admin:1qaz2wsx@192.168.1.110:554/cam/realmonitor?channel=11&subtype=', 'kes', false);
INSERT INTO public.camera (id, name, rate, ratio, dvr, channel, stand, location, enable, description, version, rtsp, stand_id, ptz) VALUES (31, '(БКС) вид на модель', 25, 0.56, 3, 9, 'БКС', '5 этаж', true, 'вид на моднль', 0, 'rtsp://admin:1qaz2wsx@192.168.1.110:554/cam/realmonitor?channel=9&subtype=', 'bks', false);
INSERT INTO public.camera (id, name, rate, ratio, dvr, channel, stand, location, enable, description, version, rtsp, stand_id, ptz) VALUES (32, '(БКС) вал ГСТ', 25, 0.56, 3, 10, 'БКС', '5 этаж', true, 'вал ГСТ', 0, 'rtsp://admin:1qaz2wsx@192.168.1.110:554/cam/realmonitor?channel=10&subtype=', 'bks', false);
INSERT INTO public.camera (id, name, rate, ratio, dvr, channel, stand, location, enable, description, version, rtsp, stand_id, ptz) VALUES (22, '(СНИМ) вид 3', 25, 0.56, 2, 11, 'СНИМ', '1 этаж', true, 'вид 3', 0, 'rtsp://admin:1qaz2wsx@192.168.1.109:554/cam/realmonitor?channel=11&subtype=', 'snim', false);
INSERT INTO public.camera (id, name, rate, ratio, dvr, channel, stand, location, enable, description, version, rtsp, stand_id, ptz) VALUES (24, '(МКС) калибровка датчиков', 25, 0.56, 3, 2, 'МКС', '2 этаж', true, 'калибровка датчиков', 0, 'rtsp://admin:1qaz2wsx@192.168.1.110:554/cam/realmonitor?channel=2&subtype=', 'mks', true);
INSERT INTO public.camera (id, name, rate, ratio, dvr, channel, stand, location, enable, description, version, rtsp, stand_id, ptz) VALUES (26, '(БКС) эл. Шкафы', 25, 0.56, 3, 4, 'БКС', '2 этаж', true, 'эл. Шкафы', 0, 'rtsp://admin:1qaz2wsx@192.168.1.110:554/cam/realmonitor?channel=4&subtype=', 'bks', true);
INSERT INTO public.camera (id, name, rate, ratio, dvr, channel, stand, location, enable, description, version, rtsp, stand_id, ptz) VALUES (25, '(МКС) эл. Шкафы', 25, 0.56, 3, 3, 'МКС', '2 этаж', true, 'эл. Шкафы', 0, 'rtsp://admin:1qaz2wsx@192.168.1.110:554/cam/realmonitor?channel=3&subtype=', 'mks', true);
INSERT INTO public.camera (id, name, rate, ratio, dvr, channel, stand, location, enable, description, version, rtsp, stand_id, ptz) VALUES (23, '(1 этаж) сварочная плита', 25, 0.75, 3, 1, '1 этаж', '1 этаж', true, 'сварочная плита', 0, 'rtsp://admin:1qaz2wsx@192.168.1.110:554/cam/realmonitor?channel=1&subtype=', 'flor1', true);
INSERT INTO public.camera (id, name, rate, ratio, dvr, channel, stand, location, enable, description, version, rtsp, stand_id, ptz) VALUES (20, '(СНИМ) вид 1', 25, 0.56, 2, 9, 'СНИМ', '1 этаж', true, 'вид 1', 0, 'rtsp://admin:1qaz2wsx@192.168.1.109:554/cam/realmonitor?channel=9&subtype=', 'snim', false);
INSERT INTO public.camera (id, name, rate, ratio, dvr, channel, stand, location, enable, description, version, rtsp, stand_id, ptz) VALUES (21, '(СНИМ) вид 2', 25, 0.56, 2, 10, 'СНИМ', '1 этаж', true, 'вид 2', 0, 'rtsp://admin:1qaz2wsx@192.168.1.109:554/cam/realmonitor?channel=10&subtype=', 'snim', false);
INSERT INTO public.camera (id, name, rate, ratio, dvr, channel, stand, location, enable, description, version, rtsp, stand_id, ptz) VALUES (27, '(КЭС) эл. Шкафы', 25, 0.56, 3, 5, 'КЭС', '2 этаж', true, 'эл. Шкафы', 0, 'rtsp://admin:1qaz2wsx@192.168.1.110:554/cam/realmonitor?channel=5&subtype=', 'kes', false);
INSERT INTO public.camera (id, name, rate, ratio, dvr, channel, stand, location, enable, description, version, rtsp, stand_id, ptz) VALUES (28, '(КЭС) вид на модель', 25, 0.56, 3, 6, 'КЭС', '4 этаж', true, 'вид на моднль', 0, 'rtsp://admin:1qaz2wsx@192.168.1.110:554/cam/realmonitor?channel=6&subtype=', 'kes', false);
INSERT INTO public.camera (id, name, rate, ratio, dvr, channel, stand, location, enable, description, version, rtsp, stand_id, ptz) VALUES (29, '(МКС) вид на модель', 25, 0.56, 3, 7, 'МКС', '5 этаж', true, 'вид на моднль', 0, 'rtsp://admin:1qaz2wsx@192.168.1.110:554/cam/realmonitor?channel=7&subtype=', 'mks', false);
INSERT INTO public.camera (id, name, rate, ratio, dvr, channel, stand, location, enable, description, version, rtsp, stand_id, ptz) VALUES (30, '(МКС) вал ГСТ', 25, 0.56, 3, 8, 'МКС', '5 этаж', true, 'вал ГСТ', 0, 'rtsp://admin:1qaz2wsx@192.168.1.110:554/cam/realmonitor?channel=8&subtype=', 'mks', false);

INSERT INTO public.device (id, name, enable, camera, type, description, config, version, stand_id, siren, removed) VALUES (36, '(БКС) Протечка основная задвижка', true, 6, 'water', '(БКС) задвижка №1', '{"alarm": {"count": 3, "delay": 1000, "period": 2000, "timeout": 5000}}', 0, 'bks', -5, false);
INSERT INTO public.device (id, name, enable, camera, type, description, config, version, stand_id, siren, removed) VALUES (39, '(КЭС) Протечка основная задвижка №2', true, 7, 'water', '(КЭС) задвижка №2', '{"alarm": {"count": 3, "delay": 1000, "period": 2000, "timeout": 5000}}', 0, 'kes', -4, false);
INSERT INTO public.device (id, name, enable, camera, type, description, config, version, stand_id, siren, removed) VALUES (72, '(КЭС) Вибрация сдвиг', true, 29, 'vibration2', '(КЭС) сдвиг', '{"vibr": {"porog": 1000, "scale": 1000}, "alarm": {"count": 3, "delay": 1000, "period": 2000, "timeout": 5000}}', 0, 'kes', -4, false);
INSERT INTO public.device (id, name, enable, camera, type, description, config, version, stand_id, siren, removed) VALUES (38, '(БКС) Протечка стенд', true, 31, 'water', '(БКС) стенд', '{"alarm": {"count": 3, "delay": 1000, "period": 2000, "timeout": 5000}}', 0, 'bks', -5, false);
INSERT INTO public.device (id, name, enable, camera, type, description, config, version, stand_id, siren, removed) VALUES (70, '(БКС) Вибрация сдвиг', true, 31, 'vibration2', '(БКС) сдвиг', '{"vibr": {"porog": 1000, "scale": 1000}, "alarm": {"count": 3, "delay": 1000, "period": 2000, "timeout": 5000}}', 0, 'bks', -5, false);
INSERT INTO public.device (id, name, enable, camera, type, description, config, version, stand_id, siren, removed) VALUES (61, '(КЭС) Оптоствор 2', true, 28, 'hurble', 'КЭС2', '{"alarm": {"count": 3, "delay": 1000, "period": 2000, "timeout": 1000}, "counter": {"threshold": 10}}', 0, 'kes', -4, false);
INSERT INTO public.device (id, name, enable, camera, type, description, config, version, stand_id, siren, removed) VALUES (41, '(КЭС) Протечка стенд', true, 28, 'water', '(КЭС) стенд', '{"alarm": {"count": 3, "delay": 1000, "period": 2000, "timeout": 5000}}', 0, 'kes', -4, false);
INSERT INTO public.device (id, name, enable, camera, type, description, config, version, stand_id, siren, removed) VALUES (40, '(КЭС) Протечка подвал', true, 9, 'water', '(КЭС) подвал', '{"alarm": {"count": 3, "delay": 1000, "period": 2000, "timeout": 5000}}', 0, 'kes', -4, false);
INSERT INTO public.device (id, name, enable, camera, type, description, config, version, stand_id, siren, removed) VALUES (71, '(МКС) Вибрация сдвиг', true, 28, 'vibration2', '(МКС) сдвиг', '{"vibr": {"porog": 1000, "scale": 1000}, "alarm": {"count": 3, "delay": 1000, "period": 2000, "timeout": 5000}}', 0, 'mks', -3, false);
INSERT INTO public.device (id, name, enable, camera, type, description, config, version, stand_id, siren, removed) VALUES (46, '(ОРУ) Протечка перелив шахты мерного бака', true, 16, 'water', '(ОРУ) перелив шахты ', '{"alarm": {"count": 3, "delay": 1000, "period": 2000, "timeout": 5000}}', 0, 'ory', -1, false);
INSERT INTO public.device (id, name, enable, camera, type, description, config, version, stand_id, siren, removed) VALUES (21, '(КЭС) Дым двигатель №1', true, 9, 'smoke', '(КЭС) двигатель №1', '{"alarm": {"count": 3, "delay": 1000, "period": 2000, "timeout": 5000}}', 0, 'kes', -4, false);
INSERT INTO public.device (id, name, enable, camera, type, description, config, version, stand_id, siren, removed) VALUES (43, '(МКС) Протечка подвал', true, 13, 'water', '(МКС) подвал', '{"alarm": {"count": 3, "delay": 1000, "period": 2000, "timeout": 5000}}', 0, 'mks', -3, false);
INSERT INTO public.device (id, name, enable, camera, type, description, config, version, stand_id, siren, removed) VALUES (42, '(МКС) Протечка ВВН1', true, 14, 'water', '(МКС) ВВН1', '{"alarm": {"count": 3, "delay": 1000, "period": 2000, "timeout": 5000}}', 0, 'mks', -3, false);
INSERT INTO public.device (id, name, enable, camera, type, description, config, version, stand_id, siren, removed) VALUES (15, '(КЭС) Давление в магистрали питания ГСТ', false, 10, 'pressure', '(КЭС) питание ГСТ', '{"alarm": {"count": 3, "delay": 1000, "period": 2000, "timeout": 5000}, "calibr": {"max": 40, "min": 0, "porogMax": 20, "porogMin": 0}}', 1, 'kes', null, false);
INSERT INTO public.device (id, name, enable, camera, type, description, config, version, stand_id, siren, removed) VALUES (1, '(ОРУ) Давление 1', false, 16, 'pressure', 'ОРУ1', '{"alarm": {"count": 3, "delay": 1000, "period": 2000, "timeout": 5000}, "calibr": {"max": 40, "min": 0, "porogMax": 20, "porogMin": 0}}', 66, 'ory', null, false);
INSERT INTO public.device (id, name, enable, camera, type, description, config, version, stand_id, siren, removed) VALUES (2, '(ОРУ) Давление 2', false, 16, 'pressure', 'ОРУ2', '{"alarm": {"count": 3, "delay": 1000, "period": 2000, "timeout": 5000}, "calibr": {"max": 40, "min": 0, "porogMax": 20, "porogMin": 0}}', 66, 'ory', null, false);
INSERT INTO public.device (id, name, enable, camera, type, description, config, version, stand_id, siren, removed) VALUES (58, '(БКС) Оптоствор', true, 31, 'hurble', 'БКС', '{"alarm": {"count": 3, "delay": 1000, "period": 2000, "timeout": 1000}, "counter": {"threshold": 10}}', 8, 'bks', -5, false);
INSERT INTO public.device (id, name, enable, camera, type, description, config, version, stand_id, siren, removed) VALUES (35, '(КЭС) Вибрация ускорение', true, 29, 'vibration', '(КЭС) ускорение', '{"vibr": {"porog": 5, "scale": 1}, "alarm": {"count": 3, "delay": 1000, "period": 2000, "timeout": 5000}}', 0, 'kes', -4, false);
INSERT INTO public.device (id, name, enable, camera, type, description, config, version, stand_id, siren, removed) VALUES (59, '(КЭС) Оптоствор 1', true, 28, 'hurble', 'КЭС1', '{"alarm": {"count": 3, "delay": 1000, "period": 2000, "timeout": 1000}, "counter": {"threshold": 10}}', 0, 'kes', -4, false);
INSERT INTO public.device (id, name, enable, camera, type, description, config, version, stand_id, siren, removed) VALUES (57, '(ОРУ) Оптоствор', true, 16, 'hurble', 'ОРУ', '{"alarm": {"count": 3, "delay": 1000, "period": 2000, "timeout": 1000}, "counter": {"threshold": 10}}', 4, 'ory', -1, false);
INSERT INTO public.device (id, name, enable, camera, type, description, config, version, stand_id, siren, removed) VALUES (60, '(МКС) Оптоствор ', true, 28, 'hurble', 'МКС', '{"alarm": {"count": 3, "delay": 1000, "period": 2000, "timeout": 1000}, "counter": {"threshold": 10}}', 0, 'mks', -3, false);
INSERT INTO public.device (id, name, enable, camera, type, description, config, version, stand_id, siren, removed) VALUES (34, '(МКС) Вибрация ускорение', true, 28, 'vibration', '(МКС) ускорение', '{"vibr": {"porog": 5, "scale": 1}, "alarm": {"count": 3, "delay": 1000, "period": 2000, "timeout": 5000}}', 2, 'mks', -3, false);
INSERT INTO public.device (id, name, enable, camera, type, description, config, version, stand_id, siren, removed) VALUES (51, '(КЭС) Температура ВВН', false, 5, 'temperature', '(КЭС) ВВН', '{"alarm": {"count": 3, "delay": 1000, "period": 2000, "timeout": 5000}, "calibr": {"max": 150, "min": 0, "porogMax": 100, "porogMin": 0}}', 3, 'kes', null, false);
INSERT INTO public.device (id, name, enable, camera, type, description, config, version, stand_id, siren, removed) VALUES (48, '(БКС) Температура ВВН', true, 2, 'temperature', '(БКС) ВВН', '{"alarm": {"count": 3, "delay": 1000, "period": 2000, "timeout": 5000}, "calibr": {"max": 150, "min": 0, "porogMax": 100, "porogMin": 0}}', 44, 'bks', null, false);
INSERT INTO public.device (id, name, enable, camera, type, description, config, version, stand_id, siren, removed) VALUES (3, '(ОРУ) Давление 3', false, 16, 'pressure', 'ОРУ3', '{"alarm": {"count": 3, "delay": 1000, "period": 2000, "timeout": 5000}, "calibr": {"max": 40, "min": 0, "porogMax": 20, "porogMin": 0}}', 66, 'ory', null, false);
INSERT INTO public.device (id, name, enable, camera, type, description, config, version, stand_id, siren, removed) VALUES (5, '(ОРУ) Давление 5', false, 16, 'pressure', 'ОРУ5', '{"alarm": {"count": 3, "delay": 1000, "period": 2000, "timeout": 5000}, "calibr": {"max": 40, "min": 0, "porogMax": 20, "porogMin": 0}}', 66, 'ory', null, false);
INSERT INTO public.device (id, name, enable, camera, type, description, config, version, stand_id, siren, removed) VALUES (9, '(КЭС) Давление МВН', false, 11, 'pressure', '(КЭС) МВН', '{"alarm": {"count": 3, "delay": 1000, "period": 2000, "timeout": 5000}, "calibr": {"max": 40, "min": 0, "porogMax": 20, "porogMin": 0}}', 1, 'kes', null, false);
INSERT INTO public.device (id, name, enable, camera, type, description, config, version, stand_id, siren, removed) VALUES (8, '(КЭС) Давление ВВН', false, 5, 'pressure', '(КЭС) ВВН', '{"alarm": {"count": 3, "delay": 1000, "period": 2000, "timeout": 5000}, "calibr": {"max": 40, "min": 0, "porogMax": 20, "porogMin": 0}}', 3, 'kes', null, false);
INSERT INTO public.device (id, name, enable, camera, type, description, config, version, stand_id, siren, removed) VALUES (11, '(МКС) Давление ВВН №2', true, 13, 'pressure', '(МКС) ВВН №2', '{"alarm": {"count": 3, "delay": 1000, "period": 2000, "timeout": 5000}, "calibr": {"max": 40, "min": 0, "porogMax": 20, "porogMin": 0}}', 0, 'mks', null, false);
INSERT INTO public.device (id, name, enable, camera, type, description, config, version, stand_id, siren, removed) VALUES (10, '(МКС) Давление ВВН №1', true, 15, 'pressure', '(МКС) ВВН №1', '{"alarm": {"count": 3, "delay": 1000, "period": 2000, "timeout": 5000}, "calibr": {"max": 40, "min": 0, "porogMax": 20, "porogMin": 0}}', 1, 'mks', null, false);
INSERT INTO public.device (id, name, enable, camera, type, description, config, version, stand_id, siren, removed) VALUES (13, '(БКС) Давление подачи в бак ГСТ', true, 3, 'pressure', '(БКС) подача в бак ГСТ', '{"alarm": {"count": 3, "delay": 1000, "period": 2000, "timeout": 5000}, "calibr": {"max": 40, "min": 0, "porogMax": 20, "porogMin": 0}}', 44, 'bks', null, false);
INSERT INTO public.device (id, name, enable, camera, type, description, config, version, stand_id, siren, removed) VALUES (12, '(КЭС) Давление подачи в бак ГСТ', false, 10, 'pressure', '(КЭС) подача в бак ГСТ', '{"alarm": {"count": 3, "delay": 1000, "period": 2000, "timeout": 5000}, "calibr": {"max": 40, "min": 0, "porogMax": 20, "porogMin": 0}}', 1, 'kes', null, false);
INSERT INTO public.device (id, name, enable, camera, type, description, config, version, stand_id, siren, removed) VALUES (6, '(БКС) Давление ВВН', true, 2, 'pressure', '(БКС) ВВН', '{"alarm": {"count": 3, "delay": 1000, "period": 2000, "timeout": 5000}, "calibr": {"max": 40, "min": 0, "porogMax": 20, "porogMin": 0}}', 44, 'bks', null, false);
INSERT INTO public.device (id, name, enable, camera, type, description, config, version, stand_id, siren, removed) VALUES (33, '(БКС) Вибрация ускорение', true, 31, 'vibration', '(БКС) ускорение', '{"vibr": {"porog": 5, "scale": 1}, "alarm": {"count": 3, "delay": 1000, "period": 2000, "timeout": 5000}}', 7, 'bks', -5, false);
INSERT INTO public.device (id, name, enable, camera, type, description, config, version, stand_id, siren, removed) VALUES (54, '(МКС) Температура ВВН №1', true, 14, 'temperature', '(МКС) ВВН №1', '{"alarm": {"count": 3, "delay": 1000, "period": 2000, "timeout": 5000}, "calibr": {"max": 150, "min": 0, "porogMax": 100, "porogMin": 0}}', 0, 'mks', null, false);
INSERT INTO public.device (id, name, enable, camera, type, description, config, version, stand_id, siren, removed) VALUES (56, '(МКС) Температура Гидростатика', true, 15, 'temperature', '(МКС) Гидростатика', '{"alarm": {"count": 3, "delay": 1000, "period": 2000, "timeout": 5000}, "calibr": {"max": 150, "min": 0, "porogMax": 100, "porogMin": 0}}', 0, 'mks', null, false);
INSERT INTO public.device (id, name, enable, camera, type, description, config, version, stand_id, siren, removed) VALUES (4, '(ОРУ) Давление 4', false, 16, 'pressure', 'ОРУ4', '{"alarm": {"count": 3, "delay": 1000, "period": 2000, "timeout": 5000}, "calibr": {"max": 40, "min": 0, "porogMax": 20, "porogMin": 0}}', 66, 'ory', null, false);
INSERT INTO public.device (id, name, enable, camera, type, description, config, version, stand_id, siren, removed) VALUES (37, '(БКС) Протечка подвал', true, 2, 'water', '(БКС) подвал', '{"alarm": {"count": 3, "delay": 1000, "period": 2000, "timeout": 5000}}', 0, 'bks', -5, false);
INSERT INTO public.device (id, name, enable, camera, type, description, config, version, stand_id, siren, removed) VALUES (44, '(МКС) Протечка стенд', true, 29, 'water', '(МКС) стенд', '{"alarm": {"count": 3, "delay": 1000, "period": 2000, "timeout": 5000}}', 0, 'mks', -3, false);
INSERT INTO public.device (id, name, enable, camera, type, description, config, version, stand_id, siren, removed) VALUES (47, '(СНИиМ) Протечка стенды', true, 20, 'water', '(СНИиМ) стенды', '{"alarm": {"count": 3, "delay": 1000, "period": 2000, "timeout": 5000}}', 0, 'snim', -2, false);
INSERT INTO public.device (id, name, enable, camera, type, description, config, version, stand_id, siren, removed) VALUES (45, '(ОРУ) Протечка насос СЗВО', true, 16, 'water', '(ОРУ) насос СЗВО', '{"alarm": {"count": 3, "delay": 1000, "period": 2000, "timeout": 5000}}', 0, 'ory', -1, false);
INSERT INTO public.device (id, name, enable, camera, type, description, config, version, stand_id, siren, removed) VALUES (23, '(КЭС) Дым двигатель №3', true, 7, 'smoke', '(КЭС) двигатель №3', '{"alarm": {"count": 3, "delay": 1000, "period": 2000, "timeout": 5000}}', 0, 'kes', -4, false);
INSERT INTO public.device (id, name, enable, camera, type, description, config, version, stand_id, siren, removed) VALUES (65, '(МКС) Роллеты', true, null, 'rollet', 'МКС', '{}', 0, 'mks', null, false);
INSERT INTO public.device (id, name, enable, camera, type, description, config, version, stand_id, siren, removed) VALUES (66, '(БКС) Роллеты', true, null, 'rollet', 'БКС', '{}', 4, 'bks', null, false);
INSERT INTO public.device (id, name, enable, camera, type, description, config, version, stand_id, siren, removed) VALUES (55, '(МКС) Температура ВВН №2', true, 13, 'temperature', '(МКС) ВВН №2', '{"alarm": {"count": 3, "delay": 1000, "period": 2000, "timeout": 5000}, "calibr": {"max": 150, "min": 0, "porogMax": 100, "porogMin": 0}}', 0, 'mks', null, false);
INSERT INTO public.device (id, name, enable, camera, type, description, config, version, stand_id, siren, removed) VALUES (17, '(МКС) Давление в магистрали питания ГСТ', true, 15, 'pressure', '(МКС) питание ГСТ', '{"alarm": {"count": 3, "delay": 1000, "period": 2000, "timeout": 5000}, "calibr": {"max": 40, "min": 0, "porogMax": 20, "porogMin": 0}}', 0, 'mks', null, false);
INSERT INTO public.device (id, name, enable, camera, type, description, config, version, stand_id, siren, removed) VALUES (16, '(БКС) Давление в магистрали питания ГСТ', true, 3, 'pressure', '(БКС) питание ГСТ', '{"alarm": {"count": 3, "delay": 1000, "period": 2000, "timeout": 5000}, "calibr": {"max": 40, "min": 0, "porogMax": 20, "porogMin": 0}}', 44, 'bks', null, false);
INSERT INTO public.device (id, name, enable, camera, type, description, config, version, stand_id, siren, removed) VALUES (7, '(БКС) Давление МВН', true, 1, 'pressure', '(БКС) МВН', '{"alarm": {"count": 3, "delay": 1000, "period": 2000, "timeout": 5000}, "calibr": {"max": 40, "min": 0, "porogMax": 20, "porogMin": 0}}', 47, 'bks', null, false);
INSERT INTO public.device (id, name, enable, camera, type, description, config, version, stand_id, siren, removed) VALUES (14, '(МКС) Давление подачи в бак ГСТ', true, 15, 'pressure', '(МКС) подача в бак ГСТ', '{"alarm": {"count": 3, "delay": 1000, "period": 2000, "timeout": 5000}, "calibr": {"max": 40, "min": 0, "porogMax": 20, "porogMin": 0}}', 0, 'mks', null, false);
INSERT INTO public.device (id, name, enable, camera, type, description, config, version, stand_id, siren, removed) VALUES (67, '(КЭС) Роллеты 1', true, null, 'rollet', 'КЭС1', '{}', 0, 'kes', null, false);
INSERT INTO public.device (id, name, enable, camera, type, description, config, version, stand_id, siren, removed) VALUES (26, '(МКС) Дым маслостанция', true, 29, 'smoke', '(МКС) маслостанция', '{"alarm": {"count": 3, "delay": 1000, "period": 2000, "timeout": 5000}}', 0, 'mks', -3, false);
INSERT INTO public.device (id, name, enable, camera, type, description, config, version, stand_id, siren, removed) VALUES (25, '(МКС) Дым двигатель', true, 12, 'smoke', '(МКС) двигатель', '{"alarm": {"count": 3, "delay": 1000, "period": 2000, "timeout": 5000}}', 0, 'mks', -3, false);
INSERT INTO public.device (id, name, enable, camera, type, description, config, version, stand_id, siren, removed) VALUES (19, '(БКС) Дым двигатель №2', true, 6, 'smoke', '(БКС) двигатель №2', '{"alarm": {"count": 3, "delay": 1000, "period": 2000, "timeout": 5000}}', 8, 'bks', -5, false);
INSERT INTO public.device (id, name, enable, camera, type, description, config, version, stand_id, siren, removed) VALUES (18, '(БКС) Дым двигатель №1', true, 31, 'smoke', '(БКС) двигатель №1', '{"alarm": {"count": 3, "delay": 1000, "period": 2000, "timeout": 5000}}', 0, 'bks', -5, false);
INSERT INTO public.device (id, name, enable, camera, type, description, config, version, stand_id, siren, removed) VALUES (20, '(БКС) Дым маслостанция', true, 31, 'smoke', '(БКС) маслостанция', '{"alarm": {"count": 3, "delay": 1000, "period": 2000, "timeout": 5000}}', 0, 'bks', -5, false);
INSERT INTO public.device (id, name, enable, camera, type, description, config, version, stand_id, siren, removed) VALUES (27, '(ОРУ) Дым', true, 16, 'smoke', '(ОРУ)', '{"alarm": {"count": 3, "delay": 1000, "period": 2000, "timeout": 5000}}', 0, 'ory', -1, false);
INSERT INTO public.device (id, name, enable, camera, type, description, config, version, stand_id, siren, removed) VALUES (22, '(КЭС) Дым двигатель №2', true, 8, 'smoke', '(КЭС) двигатель №2', '{"alarm": {"count": 3, "delay": 1000, "period": 2000, "timeout": 5000}}', 0, 'kes', -4, false);
INSERT INTO public.device (id, name, enable, camera, type, description, config, version, stand_id, siren, removed) VALUES (24, '(КЭС) МВН', true, 11, 'smoke', '(КЭС) МВН', '{"alarm": {"count": 3, "delay": 1000, "period": 2000, "timeout": 5000}}', 1, 'kes', -4, false);
INSERT INTO public.device (id, name, enable, camera, type, description, config, version, stand_id, siren, removed) VALUES (50, '(БКС) Температура МВН', true, 1, 'temperature', '(БКС) МВН', '{"alarm": {"count": 3, "delay": 1000, "period": 2000, "timeout": 5000}, "calibr": {"max": 150, "min": 0, "porogMax": 100, "porogMin": 0}}', 46, 'bks', null, false);
INSERT INTO public.device (id, name, enable, camera, type, description, config, version, stand_id, siren, removed) VALUES (68, '(КЭС) Роллеты 2', true, null, 'rollet', 'КЭС2', '{}', 0, 'kes', null, false);
INSERT INTO public.device (id, name, enable, camera, type, description, config, version, stand_id, siren, removed) VALUES (49, '(БКС) Температура Гидростатика', true, 3, 'temperature', '(БКС) Гидростатика', '{"alarm": {"count": 3, "delay": 1000, "period": 2000, "timeout": 5000}, "calibr": {"max": 150, "min": 0, "porogMax": 100, "porogMin": 0}}', 44, 'bks', null, false);
INSERT INTO public.device (id, name, enable, camera, type, description, config, version, stand_id, siren, removed) VALUES (52, '(КЭС) Температура Гидростатика', false, 10, 'temperature', '(КЭС) Гидростатика', '{"alarm": {"count": 3, "delay": 1000, "period": 2000, "timeout": 5000}, "calibr": {"max": 150, "min": 0, "porogMax": 100, "porogMin": 0}}', 1, 'kes', null, false);
INSERT INTO public.device (id, name, enable, camera, type, description, config, version, stand_id, siren, removed) VALUES (53, '(КЭС) Температура МВН', false, 11, 'temperature', '(КЭС) МВН', '{"alarm": {"count": 3, "delay": 1000, "period": 2000, "timeout": 5000}, "calibr": {"max": 150, "min": 0, "porogMax": 100, "porogMin": 0}}', 1, 'kes', null, false);

INSERT INTO public.ltr_device (sn, num, ch, device, field, cfg) VALUES ('2D551745', 1, 15, 56, 'sensor', '{}');
INSERT INTO public.ltr_device (sn, num, ch, device, field, cfg) VALUES ('2D551745', 2, 2, 37, 'sensor', '{}');
INSERT INTO public.ltr_device (sn, num, ch, device, field, cfg) VALUES ('2D551743', 1, 1, 1, 'sensor', '{}');
INSERT INTO public.ltr_device (sn, num, ch, device, field, cfg) VALUES ('2D551743', 1, 2, 2, 'sensor', '{}');
INSERT INTO public.ltr_device (sn, num, ch, device, field, cfg) VALUES ('2D551743', 1, 3, 3, 'sensor', '{}');
INSERT INTO public.ltr_device (sn, num, ch, device, field, cfg) VALUES ('2D551743', 1, 4, 4, 'sensor', '{}');
INSERT INTO public.ltr_device (sn, num, ch, device, field, cfg) VALUES ('2D551743', 1, 5, 5, 'sensor', '{}');
INSERT INTO public.ltr_device (sn, num, ch, device, field, cfg) VALUES ('2D551743', 1, 6, 12, 'sensor', '{}');
INSERT INTO public.ltr_device (sn, num, ch, device, field, cfg) VALUES ('2D551744', 1, 14, null, null, '{}');
INSERT INTO public.ltr_device (sn, num, ch, device, field, cfg) VALUES ('2D551744', 1, 12, 20, 'sensor', '{}');
INSERT INTO public.ltr_device (sn, num, ch, device, field, cfg) VALUES ('2D551743', 1, 11, null, null, '{}');
INSERT INTO public.ltr_device (sn, num, ch, device, field, cfg) VALUES ('2D551743', 1, 12, null, null, '{}');
INSERT INTO public.ltr_device (sn, num, ch, device, field, cfg) VALUES ('2D551743', 1, 13, null, null, '{}');
INSERT INTO public.ltr_device (sn, num, ch, device, field, cfg) VALUES ('2D551743', 1, 14, null, null, '{}');
INSERT INTO public.ltr_device (sn, num, ch, device, field, cfg) VALUES ('2D551743', 1, 15, null, null, '{}');
INSERT INTO public.ltr_device (sn, num, ch, device, field, cfg) VALUES ('2D551743', 1, 16, null, null, '{}');
INSERT INTO public.ltr_device (sn, num, ch, device, field, cfg) VALUES ('2D551743', 2, 1, -1, 'siren', '{}');
INSERT INTO public.ltr_device (sn, num, ch, device, field, cfg) VALUES ('2D551743', 2, 2, -2, 'siren', '{}');
INSERT INTO public.ltr_device (sn, num, ch, device, field, cfg) VALUES ('2D551744', 1, 9, 67, 'sensorUP', '{}');
INSERT INTO public.ltr_device (sn, num, ch, device, field, cfg) VALUES ('2D551744', 1, 8, 68, 'sensorDW', '{}');
INSERT INTO public.ltr_device (sn, num, ch, device, field, cfg) VALUES ('2D551744', 1, 10, 68, 'sensorUP', '{}');
INSERT INTO public.ltr_device (sn, num, ch, device, field, cfg) VALUES ('2D551744', 2, 2, -3, 'siren', '{}');
INSERT INTO public.ltr_device (sn, num, ch, device, field, cfg) VALUES ('2D551744', 2, 1, null, null, '{}');
INSERT INTO public.ltr_device (sn, num, ch, device, field, cfg) VALUES ('2D551744', 2, 3, -4, 'siren', '{}');
INSERT INTO public.ltr_device (sn, num, ch, device, field, cfg) VALUES ('2D551744', 2, 4, -5, 'siren', '{}');
INSERT INTO public.ltr_device (sn, num, ch, device, field, cfg) VALUES ('2D551743', 2, 11, null, null, '{}');
INSERT INTO public.ltr_device (sn, num, ch, device, field, cfg) VALUES ('2D551743', 2, 12, null, null, '{}');
INSERT INTO public.ltr_device (sn, num, ch, device, field, cfg) VALUES ('2D551743', 2, 13, null, null, '{}');
INSERT INTO public.ltr_device (sn, num, ch, device, field, cfg) VALUES ('2D551743', 2, 14, null, null, '{}');
INSERT INTO public.ltr_device (sn, num, ch, device, field, cfg) VALUES ('2D551743', 2, 15, null, null, '{}');
INSERT INTO public.ltr_device (sn, num, ch, device, field, cfg) VALUES ('2D551743', 2, 16, null, null, '{}');
INSERT INTO public.ltr_device (sn, num, ch, device, field, cfg) VALUES ('2D551744', 1, 1, 59, 'sensor', '{}');
INSERT INTO public.ltr_device (sn, num, ch, device, field, cfg) VALUES ('2D551744', 1, 3, 41, 'sensor', '{}');
INSERT INTO public.ltr_device (sn, num, ch, device, field, cfg) VALUES ('2D551744', 2, 9, 66, 'motorDW', '{}');
INSERT INTO public.ltr_device (sn, num, ch, device, field, cfg) VALUES ('2D551744', 1, 7, 67, 'sensorDW', '{}');
INSERT INTO public.ltr_device (sn, num, ch, device, field, cfg) VALUES ('2D551744', 1, 11, 26, 'sensor', '{}');
INSERT INTO public.ltr_device (sn, num, ch, device, field, cfg) VALUES ('2D551744', 1, 15, null, null, '{}');
INSERT INTO public.ltr_device (sn, num, ch, device, field, cfg) VALUES ('2D551744', 1, 16, null, null, '{}');
INSERT INTO public.ltr_device (sn, num, ch, device, field, cfg) VALUES ('2D551744', 2, 5, null, null, '{}');
INSERT INTO public.ltr_device (sn, num, ch, device, field, cfg) VALUES ('2D551744', 2, 8, null, null, '{}');
INSERT INTO public.ltr_device (sn, num, ch, device, field, cfg) VALUES ('2D551744', 2, 11, 67, 'motorDW', '{}');
INSERT INTO public.ltr_device (sn, num, ch, device, field, cfg) VALUES ('2D551744', 2, 6, 20, 'power', '{}');
INSERT INTO public.ltr_device (sn, num, ch, device, field, cfg) VALUES ('2D551737', 1, 7, null, null, '{}');
INSERT INTO public.ltr_device (sn, num, ch, device, field, cfg) VALUES ('2D551737', 1, 8, null, null, '{}');
INSERT INTO public.ltr_device (sn, num, ch, device, field, cfg) VALUES ('2D551737', 1, 9, null, null, '{}');
INSERT INTO public.ltr_device (sn, num, ch, device, field, cfg) VALUES ('2D551737', 1, 10, null, null, '{}');
INSERT INTO public.ltr_device (sn, num, ch, device, field, cfg) VALUES ('2D551737', 1, 11, null, null, '{}');
INSERT INTO public.ltr_device (sn, num, ch, device, field, cfg) VALUES ('2D551737', 1, 12, null, null, '{}');
INSERT INTO public.ltr_device (sn, num, ch, device, field, cfg) VALUES ('2D551737', 1, 13, null, null, '{}');
INSERT INTO public.ltr_device (sn, num, ch, device, field, cfg) VALUES ('2D551737', 1, 14, null, null, '{}');
INSERT INTO public.ltr_device (sn, num, ch, device, field, cfg) VALUES ('2D551737', 1, 15, null, null, '{}');
INSERT INTO public.ltr_device (sn, num, ch, device, field, cfg) VALUES ('2D551737', 1, 16, null, null, '{}');
INSERT INTO public.ltr_device (sn, num, ch, device, field, cfg) VALUES ('2D551744', 2, 7, 26, 'power', '{}');
INSERT INTO public.ltr_device (sn, num, ch, device, field, cfg) VALUES ('2D551744', 2, 12, 67, 'motorUP', '{}');
INSERT INTO public.ltr_device (sn, num, ch, device, field, cfg) VALUES ('2D551745', 1, 11, 48, 'sensor', '{}');
INSERT INTO public.ltr_device (sn, num, ch, device, field, cfg) VALUES ('2D551745', 1, 7, 53, 'sensor', '{}');
INSERT INTO public.ltr_device (sn, num, ch, device, field, cfg) VALUES ('2D551745', 1, 12, 49, 'sensor', '{}');
INSERT INTO public.ltr_device (sn, num, ch, device, field, cfg) VALUES ('2D551745', 1, 4, 6, 'sensor', '{}');
INSERT INTO public.ltr_device (sn, num, ch, device, field, cfg) VALUES ('2D551745', 1, 14, 54, 'sensor', '{}');
INSERT INTO public.ltr_device (sn, num, ch, device, field, cfg) VALUES ('2D551745', 1, 1, 9, 'sensor', '{}');
INSERT INTO public.ltr_device (sn, num, ch, device, field, cfg) VALUES ('2D551745', 1, 9, 52, 'sensor', '{}');
INSERT INTO public.ltr_device (sn, num, ch, device, field, cfg) VALUES ('2D551737', 2, 15, null, null, '{}');
INSERT INTO public.ltr_device (sn, num, ch, device, field, cfg) VALUES ('2D551737', 2, 3, 60, 'remote', '{}');
INSERT INTO public.ltr_device (sn, num, ch, device, field, cfg) VALUES ('2D551737', 2, 16, null, null, '{}');
INSERT INTO public.ltr_device (sn, num, ch, device, field, cfg) VALUES ('2D551737', 2, 9, null, null, '{}');
INSERT INTO public.ltr_device (sn, num, ch, device, field, cfg) VALUES ('2D551737', 2, 4, 58, 'remote', '{}');
INSERT INTO public.ltr_device (sn, num, ch, device, field, cfg) VALUES ('2D551745', 2, 9, 23, 'sensor', '{}');
INSERT INTO public.ltr_device (sn, num, ch, device, field, cfg) VALUES ('2D551745', 2, 12, 19, 'sensor', '{}');
INSERT INTO public.ltr_device (sn, num, ch, device, field, cfg) VALUES ('2D551737', 2, 1, 65, 'sensorDW', '{}');
INSERT INTO public.ltr_device (sn, num, ch, device, field, cfg) VALUES ('2D551737', 1, 4, 34, 'sensorY', '{"sn": "123", "sensitivity": 100}');
INSERT INTO public.ltr_device (sn, num, ch, device, field, cfg) VALUES ('2D551744', 2, 15, 65, 'motorDW', '{}');
INSERT INTO public.ltr_device (sn, num, ch, device, field, cfg) VALUES ('2D551744', 1, 5, 36, 'sensor', '{}');
INSERT INTO public.ltr_device (sn, num, ch, device, field, cfg) VALUES ('2D551744', 1, 4, 39, 'sensor', '{}');
INSERT INTO public.ltr_device (sn, num, ch, device, field, cfg) VALUES ('2D551744', 1, 2, 61, 'sensor', '{}');
INSERT INTO public.ltr_device (sn, num, ch, device, field, cfg) VALUES ('2D551744', 2, 13, 68, 'motorDW', '{}');
INSERT INTO public.ltr_device (sn, num, ch, device, field, cfg) VALUES ('2D551744', 2, 16, 65, 'motorUP', '{}');
INSERT INTO public.ltr_device (sn, num, ch, device, field, cfg) VALUES ('2D551737', 1, 6, 35, 'sensorY', '{"sn": "123", "sensitivity": 100}');
INSERT INTO public.ltr_device (sn, num, ch, device, field, cfg) VALUES ('2D551737', 2, 2, 66, 'sensorDW', '{}');
INSERT INTO public.ltr_device (sn, num, ch, device, field, cfg) VALUES ('2D551737', 2, 6, 38, 'sensor', '{}');
INSERT INTO public.ltr_device (sn, num, ch, device, field, cfg) VALUES ('2D551737', 2, 5, 44, 'sensor', '{}');
INSERT INTO public.ltr_device (sn, num, ch, device, field, cfg) VALUES ('2D551737', 2, 7, 60, 'sensor', '{}');
INSERT INTO public.ltr_device (sn, num, ch, device, field, cfg) VALUES ('2D551737', 2, 8, 58, 'sensor', '{}');
INSERT INTO public.ltr_device (sn, num, ch, device, field, cfg) VALUES ('2D551737', 2, 11, 60, 'encoder', '{}');
INSERT INTO public.ltr_device (sn, num, ch, device, field, cfg) VALUES ('2D551737', 2, 10, 59, 'encoder', '{}');
INSERT INTO public.ltr_device (sn, num, ch, device, field, cfg) VALUES ('2D551737', 2, 12, 58, 'encoder', '{}');
INSERT INTO public.ltr_device (sn, num, ch, device, field, cfg) VALUES ('2D551737', 2, 13, 65, 'sensorUP', '{}');
INSERT INTO public.ltr_device (sn, num, ch, device, field, cfg) VALUES ('2D551737', 2, 14, 66, 'sensorUP', '{}');
INSERT INTO public.ltr_device (sn, num, ch, device, field, cfg) VALUES ('2D551743', 1, 7, 13, 'sensor', '{}');
INSERT INTO public.ltr_device (sn, num, ch, device, field, cfg) VALUES ('2D551743', 1, 8, 17, 'sensor', '{}');
INSERT INTO public.ltr_device (sn, num, ch, device, field, cfg) VALUES ('2D551743', 1, 9, 16, 'sensor', '{}');
INSERT INTO public.ltr_device (sn, num, ch, device, field, cfg) VALUES ('2D551743', 1, 10, 15, 'sensor', '{}');
INSERT INTO public.ltr_device (sn, num, ch, device, field, cfg) VALUES ('2D551743', 2, 4, 25, 'power', '{}');
INSERT INTO public.ltr_device (sn, num, ch, device, field, cfg) VALUES ('2D551743', 2, 8, 22, 'power', '{}');
INSERT INTO public.ltr_device (sn, num, ch, device, field, cfg) VALUES ('2D551743', 2, 5, 18, 'power', '{}');
INSERT INTO public.ltr_device (sn, num, ch, device, field, cfg) VALUES ('2D551743', 2, 10, 24, 'power', '{}');
INSERT INTO public.ltr_device (sn, num, ch, device, field, cfg) VALUES ('2D551743', 2, 6, 19, 'power', '{}');
INSERT INTO public.ltr_device (sn, num, ch, device, field, cfg) VALUES ('2D551744', 1, 13, 59, 'remote', '{}');
INSERT INTO public.ltr_device (sn, num, ch, device, field, cfg) VALUES ('2D551744', 1, 6, 42, 'sensor', '{}');
INSERT INTO public.ltr_device (sn, num, ch, device, field, cfg) VALUES ('2D551744', 2, 14, 68, 'motorUP', '{}');
INSERT INTO public.ltr_device (sn, num, ch, device, field, cfg) VALUES ('2D551737', 1, 5, 72, 'sensorX', '{"sn": "123", "sensitivity": 100}');
INSERT INTO public.ltr_device (sn, num, ch, device, field, cfg) VALUES ('2D551737', 1, 6, 72, 'sensorY', '{"sn": "123", "sensitivity": 100}');
INSERT INTO public.ltr_device (sn, num, ch, device, field, cfg) VALUES ('2D551737', 1, 5, 35, 'sensorX', '{"sn": "123", "sensitivity": 100}');
INSERT INTO public.ltr_device (sn, num, ch, device, field, cfg) VALUES ('2D551744', 2, 10, 66, 'motorUP', '{}');
INSERT INTO public.ltr_device (sn, num, ch, device, field, cfg) VALUES ('2D551745', 2, 7, 57, 'sensor', '{}');
INSERT INTO public.ltr_device (sn, num, ch, device, field, cfg) VALUES ('2D551737', 1, 3, 34, 'sensorX', '{"sn": "123", "sensitivity": 100}');
INSERT INTO public.ltr_device (sn, num, ch, device, field, cfg) VALUES ('2D551737', 1, 3, 71, 'sensorX', '{"sn": "123", "sensitivity": 100}');
INSERT INTO public.ltr_device (sn, num, ch, device, field, cfg) VALUES ('2D551737', 1, 4, 71, 'sensorY', '{"sn": "123", "sensitivity": 100}');
INSERT INTO public.ltr_device (sn, num, ch, device, field, cfg) VALUES ('2D551745', 2, 1, 40, 'sensor', '{}');
INSERT INTO public.ltr_device (sn, num, ch, device, field, cfg) VALUES ('2D551745', 2, 16, 57, 'remote', '{}');
INSERT INTO public.ltr_device (sn, num, ch, device, field, cfg) VALUES ('2D551745', 2, 5, 47, 'sensor', '{}');
INSERT INTO public.ltr_device (sn, num, ch, device, field, cfg) VALUES ('2D551745', 2, 3, 43, 'sensor', '{}');
INSERT INTO public.ltr_device (sn, num, ch, device, field, cfg) VALUES ('2D551745', 1, 5, 11, 'sensor', '{}');
INSERT INTO public.ltr_device (sn, num, ch, device, field, cfg) VALUES ('2D551745', 1, 13, 55, 'sensor', '{}');
INSERT INTO public.ltr_device (sn, num, ch, device, field, cfg) VALUES ('2D551745', 1, 8, 51, 'sensor', '{}');
INSERT INTO public.ltr_device (sn, num, ch, device, field, cfg) VALUES ('2D551745', 1, 16, 14, 'sensor', '{}');
INSERT INTO public.ltr_device (sn, num, ch, device, field, cfg) VALUES ('2D551745', 1, 6, 10, 'sensor', '{}');
INSERT INTO public.ltr_device (sn, num, ch, device, field, cfg) VALUES ('2D551745', 2, 4, 46, 'sensor', '{}');
INSERT INTO public.ltr_device (sn, num, ch, device, field, cfg) VALUES ('2D551745', 1, 10, 50, 'sensor', '{}');
INSERT INTO public.ltr_device (sn, num, ch, device, field, cfg) VALUES ('2D551745', 1, 2, 8, 'sensor', '{}');
INSERT INTO public.ltr_device (sn, num, ch, device, field, cfg) VALUES ('2D551745', 1, 3, 7, 'sensor', '{}');
INSERT INTO public.ltr_device (sn, num, ch, device, field, cfg) VALUES ('2D551745', 2, 6, 45, 'sensor', '{}');
INSERT INTO public.ltr_device (sn, num, ch, device, field, cfg) VALUES ('2D551745', 2, 15, 27, 'sensor', '{}');
INSERT INTO public.ltr_device (sn, num, ch, device, field, cfg) VALUES ('2D551745', 2, 13, 18, 'sensor', '{}');
INSERT INTO public.ltr_device (sn, num, ch, device, field, cfg) VALUES ('2D551745', 2, 11, 21, 'sensor', '{}');
INSERT INTO public.ltr_device (sn, num, ch, device, field, cfg) VALUES ('2D551745', 2, 14, 25, 'sensor', '{}');
INSERT INTO public.ltr_device (sn, num, ch, device, field, cfg) VALUES ('2D551745', 2, 8, 24, 'sensor', '{}');
INSERT INTO public.ltr_device (sn, num, ch, device, field, cfg) VALUES ('2D551737', 1, 1, 33, 'sensorX', '{"sn": "1234", "sensitivity": 100}');
INSERT INTO public.ltr_device (sn, num, ch, device, field, cfg) VALUES ('2D551737', 1, 1, 70, 'sensorX', '{"sn": "1234", "sensitivity": 100}');
INSERT INTO public.ltr_device (sn, num, ch, device, field, cfg) VALUES ('2D551737', 1, 2, 33, 'sensorY', '{"sn": "123", "sensitivity": 100}');
INSERT INTO public.ltr_device (sn, num, ch, device, field, cfg) VALUES ('2D551737', 1, 2, 70, 'sensorY', '{"sn": "123", "sensitivity": 100}');
INSERT INTO public.ltr_device (sn, num, ch, device, field, cfg) VALUES ('2D551743', 2, 3, 27, 'power', '{}');
INSERT INTO public.ltr_device (sn, num, ch, device, field, cfg) VALUES ('2D551743', 2, 9, 23, 'power', '{}');
INSERT INTO public.ltr_device (sn, num, ch, device, field, cfg) VALUES ('2D551743', 2, 7, 21, 'power', '{}');
INSERT INTO public.ltr_device (sn, num, ch, device, field, cfg) VALUES ('2D551745', 2, 10, 22, 'sensor', '{}');
INSERT INTO public.ltr_device (sn, num, ch, device, field, cfg) VALUES ('2D551744', 1, 13, 61, 'remote', '{}');
INSERT INTO public.ltr_device (sn, num, ch, device, field, cfg) VALUES ('2D551737', 2, 10, 61, 'encoder', '{}');